190;1.30298901659332;1.19440377484451
191;1.3135858927599;1.19932393358
192;1.32315878591803;1.20505567205506
193;1.33110704313614;1.2113075415792
194;1.33683585255243;1.21779723134419
195;1.33976334800408;1.22425725591278
196;1.3394414537164;1.23046064867346
197;1.33673521336973;1.23647524466227
198;1.3332219624877;1.24249378318749
199;1.33048829095856;1.24870696817861
200;1.32995319233986;1.25524718434856
201;1.3310860904144;1.26201829625988
202;1.33203274697242;1.26876760638302
203;1.33092607673614;1.27526241289244
204;1.32615192816714;1.28134263043943
205;1.31841320779569;1.28732023463088
206;1.30971286350296;1.29372631759005
207;1.30208122714413;1.30105938453291
208;1.29742847750776;1.30972922936312
209;1.29593163155917;1.31954491915797
210;1.29656737128873;1.32994246051871
211;1.29828570210512;1.34037523264591
212;1.30004955031514;1.35032545457553
213;1.30105684180873;1.35943330311468
214;1.30131264750419;1.36786498111267
215;1.30100879538941;1.37589384971392
216;1.30033340527877;1.38378356865656
217;1.29948624364603;1.39178464477277
218;1.2986932216393;1.39992645661544
219;1.2982232631606;1.40807444441385
220;1.29833447674968;1.41608347688858
221;1.29927635922425;1.42380794268013
222;1.30127418955891;1.43111652789429
223;1.30404086703724;1.43803775433861
224;1.30688572895836;1.44472845495443
225;1.30911844285401;1.45135836285203
226;1.31005991758441;1.45809361416244
227;1.30913190242583;1.46508919112424
228;1.30673524985785;1.47233726205006
229;1.30379575139128;1.47974097778833
230;1.30123671644632;1.48717752545821
231;1.29997138252184;1.49452520734036
232;1.3008271024;1.50165613585081
233;1.30366770683896;1.5085554314823
234;1.30773521223436;1.51529910754202
235;1.31227117036385;1.52196439661646
236;1.31652837937278;1.52862257398415
237;1.31977230211775;1.53535954402778
238;1.32143429985338;1.54224466568343
239;1.32176714396191;1.54931222897685
240;1.32129303313746;1.55658127941255
241;1.32053006696957;1.56406510662781
242;1.31998805979272;1.57177558130776
243;1.32017139490942;1.57971912438164
244;1.32126516248908;1.58787960173538
245;1.32299254460402;1.59622970561189
246;1.32503850358215;1.60474204655304
247;1.32709255648919;1.61339538039782
248;1.32884656942365;1.62216620759681
249;1.33000204686696;1.6310350838257
250;1.3303646664151;1.63999394683205
251;1.33015546815299;1.64905535669889
252;1.32968508862917;1.65823473456648
253;1.32927092155589;1.66754945440729
254;1.32922013248991;1.67700213494691
255;1.32983709451645;1.6866050806137
256;1.33137225891819;1.69634374223414
257;1.33374770036601;1.7061397739434
258;1.33676831609004;1.71588447481239
259;1.34023666767854;1.72547510135327
260;1.34396272424117;1.73481001961303
261;1.34775798617206;1.74379230107561
262;1.35143728965408;1.75233066168106
263;1.35495553041793;1.76040463797677
264;1.35844124586402;1.7680816209849
265;1.36202793851157;1.7754408199898
266;1.36585609897775;1.78255235073608
267;1.37005912774188;1.7894921104908
268;1.37476654708979;1.79633044259601
269;1.38011391795194;1.8031373842624
270;1.38617253253778;1.80995146066468
271;1.39281714062108;1.81670294412925
272;1.39987120987782;1.82329630182392
273;1.40716740730212;1.82963660658978
274;1.41453719991523;1.83563217719237
275;1.42181745423721;1.84118572479084
276;1.42884914318139;1.84620959643541
277;1.4354829441502;1.85062456563889
278;1.44167407351594;1.85445521225185
279;1.44741034494303;1.85775582535707
280;1.45267754242173;1.86059185267926
281;1.45746739449368;1.86301937886115
282;1.46176381964554;1.86509610058697
283;1.4655564834269;1.86688130477399
284;1.46882788555191;1.86842857968264
285;1.47157421728492;1.8697969614313
286;1.47388610677151;1.87102652459394
287;1.47593497975;1.87215225461222
288;1.4778947302012;1.87321190300416
289;1.47993622309609;1.87423617093255
290;1.48223036609437;1.87526181056733
291;1.48494991933637;1.87632253702211
292;1.48825954320265;1.87745478452445
293;1.49232071824996;1.87869133338026
294;1.49708045228909;1.88002922334364
295;1.5023032904327;1.88143434018966
296;1.50774854857176;1.88286369281482
297;1.51318004283626;1.88428337625686
298;1.5183625809299;1.88564973607722
299;1.52306054594752;1.88692432986116
300;1.52704082348484;1.88806347260606
301;1.53007290013905;1.88902437245789
302;1.53200442026061;1.88978240644208
303;1.53297174576576;1.89035773686255
304;1.53317932224998;1.89079317593832
305;1.5328242947155;1.89112673252483
306;1.53211205083321;1.89139560544809
307;1.53123793302875;1.89163939680536
308;1.53040894761725;1.89189628334826
309;1.52982069062562;1.89220541841161
310;1.52967746474848;1.89260485737497
311;1.53017726592756;1.89313033496417
312;1.53139254169417;1.89379595436164
313;1.53312882564434;1.89455377226976
314;1.53515666437353;1.89535378865542
315;1.53724853904;1.89614426423218
316;1.53918059450058;1.89687292734309
317;1.54072364001428;1.89748500254913
318;1.54165243234536;1.89793103724987
319;1.54174272407684;1.89815716610714
320;1.54076674310216;1.89811015398201
321;1.53851338183468;1.89774429944721
322;1.53500401729229;1.89706018172948
323;1.53044676801261;1.89610319068353
324;1.52505994717874;1.8949189540687
325;1.51905783517987;1.8935487072218
326;1.51265542522159;1.89204028378158
327;1.50607310261782;1.8904328050552
328;1.49953241697876;1.88876877080551
329;1.49325716890566;1.88708955073366
330;1.48747170347303;1.88543418570709
331;1.48240355716576;1.88383924640551
332;1.47827586065299;1.88234149935375
333;1.47517320084338;1.88095879074649
334;1.47301451799486;1.87967597479556
335;1.47171160237033;1.87847944906284
336;1.47117227388116;1.87735661488079
337;1.47130356041134;1.87629533039953
338;1.47201521502575;1.87528632300972
339;1.47321424495296;1.87431326398026
340;1.47480979268278;1.87336700210958
341;1.47670466072017;1.87243602160199
342;1.4788088520091;1.87150624385292
343;1.48102855715509;1.87056825245936
344;1.48329697188016;1.8696256060476
345;1.48557261456192;1.8687070378035
346;1.48781785218331;1.86783617088741
347;1.48999272789378;1.86704266935074
348;1.49205527201245;1.86635177143542
349;1.49396937986337;1.86578790540869
350;1.49569371289438;1.86538191338712
351;1.49718859923344;1.86515246070518
352;1.49841603621379;1.86513286861356
353;1.4993351880796;1.86534340168605
354;1.49990499859398;1.86581483668857
355;1.50009536257318;1.86656799951503
356;1.4999106509919;1.86759791201397
357;1.49938113621572;1.86889105932892
358;1.4985407615282;1.87042626531
359;1.49741926525214;1.87218440757001
360;1.49604998270743;1.87415195508766
361;1.49446232655585;1.87630691665696
362;1.4926876233327;1.87863150746777
363;1.49076006618687;1.88110753943986
364;1.48870825493921;1.88372032646148
365;1.48656586612909;1.88644853477113
366;1.4843622310614;1.88927267301509
367;1.48212853730533;1.89217731756166
368;1.47989512699961;1.89514104670792
369;1.47769253395925;1.89814520648946
370;1.47553856167576;1.9011770162171
371;1.47345180222836;1.90421905606734
372;1.47145108223126;1.90725674396489
373;1.46955054959601;1.91027453990727
374;1.46777169266406;1.91325736423146
375;1.4661325792355;1.91618755342366
376;1.4646457314985;1.91905109853719
377;1.46333102858295;1.92183446196951
378;1.46220745887762;1.9245182911049
379;1.46128890274358;1.92708984151791
380;1.46059292064843;1.92953146640533
381;1.46013904871303;1.93182971340038
382;1.45994183107681;1.93396746356496
383;1.45999264955942;1.93594125343915
384;1.46026437655496;1.93776212405843
385;1.46072673289075;1.93943873019533
386;1.46134504756834;1.94097896641167
387;1.46209259539184;1.94239407883664
388;1.46293783212773;1.94369161665903
389;1.46385136951836;1.94488324380688
390;1.46479899251653;1.94597689823837
391;1.46575149807631;1.9469841946233
392;1.46668058341459;1.94791219867974
393;1.46755554057216;1.94877121916967
394;1.46834571575032;1.94957152753171
395;1.46902049825818;1.95032336403549
396;1.46955177267203;1.95103367796753
397;1.46990734409634;1.95171145414181
398;1.470058297326;1.9523681511275
399;1.47000641409639;1.95300508383479
400;1.46977185017103;1.95361953602926
401;1.46937594211568;1.95420716897374
402;1.46884161959225;1.95476487165244
403;1.46819055241247;1.95529115432797
404;1.46744398066468;1.95578164333062
405;1.46662762535428;1.95623275492778
406;1.46576106139455;1.95663882438749
407;1.46486795391661;1.95700233071191
408;1.46396746383089;1.95731467453638
409;1.46308694245001;1.95757334502892
410;1.46224229952666;1.95777744969264
411;1.46146172206258;1.957919907722
412;1.46076237066192;1.95799813675647
413;1.46017043304698;1.95801115766601
414;1.45970268871868;1.95795350799056
415;1.45935465069633;1.95782430174646
416;1.45909891325119;1.95762602114163
417;1.458910933071;1.95736075127558
418;1.45876616292789;1.95703058691053
419;1.45863676385063;1.95663517520683
420;1.45849981300919;1.95617783050208
421;1.45832786141023;1.95566105226988
422;1.45809752970522;1.9550852682511
423;1.45778089654869;1.95445008694065
424;1.45735412188836;1.95376330106412
425;1.4567916450098;1.95302122286737
426;1.45606580594816;1.95222632685134
427;1.45515338584563;1.9513819145257
428;1.4540277852567;1.95048886187502
429;1.45266271590415;1.94955096526816
430;1.45103092324295;1.94856632943487
431;1.44910872800285;1.94753847345156
432;1.44689248784122;1.94646805043683
433;1.4444044448461;1.94535194766684
434;1.44166395090806;1.94418747741771
435;1.43869903938673;1.94297064463988
436;1.4355291097294;1.94169869569933
437;1.43218105949119;1.94036918836734
438;1.42867729607899;1.93897880760249
439;1.42504029829516;1.93752415514366
440;1.42129262806662;1.93600173930617
441;1.41745862331217;1.93440919890339
442;1.41356397406443;1.93274238034272
443;1.40963034662894;1.93099914918086
444;1.40568323105616;1.92917219191872
445;1.40174624928727;1.9272603735331
446;1.3978427123549;1.92525952756601
447;1.39399731607067;1.92316367405695
448;1.3902358598085;1.92097260415069
449;1.38658290864896;1.91867719081596
450;1.38306338391266;1.91627876988708
451;1.37970048326839;1.91376681534899
452;1.37651184427172;1.9111422912542
453;1.37347369943634;1.90841295401266
454;1.37056042710504;1.90558544398994
455;1.36774155036861;1.90266574799798
456;1.36499335124397;1.89966493070232
457;1.36228800337218;1.89658867552555
458;1.35959374721573;1.89344795478199
459;1.35688536911805;1.89024810671156
460;1.35413245856246;1.8870015143959
461;1.35130766337974;1.88371239872461
462;1.34838266014467;1.88038979953062
463;1.34532814126831;1.87704763063926
464;1.34211382883607;1.87368608084519
465;1.33871042658319;1.87032232683101
466;1.33508764238036;1.86695983160773
467;1.33121769204131;1.86360954698236
468;1.32706948182832;1.86028315307108
469;1.32261059753645;1.85698648156515
470;1.31781060164825;1.85372996464332
471;1.3126405433765;1.85052565400098
472;1.30706629230925;1.8473852582748
473;1.30107188420035;1.84431777301436
474;1.29465335144757;1.84133845352081
475;1.28780672479606;1.83846298859399
476;1.28052622999526;1.83570624711741
477;1.27281107790488;1.83308429703529
478;1.26465633399526;1.83060799821106
479;1.25605572615469;1.82829865919275
480;1.247008257457;1.82617074616968
481;1.23751058625677;1.8242429802791
482;1.22755774556533;1.82253340674387
483;1.21715137630664;1.82105943693366
484;1.20628399148442;1.81984094582785
485;1.19495674958802;1.81889846703602
486;1.18316429339218;1.81825128768226
487;1.17091203187868;1.81792051157311
488;1.15819327734321;1.81793060034838
489;1.145012172944;1.81829944623814
490;1.13137066697833;1.81905458579422
491;1.11726618461044;1.82021529695637
492;1.10270702749216;1.82180756077051
493;1.08769421311409;1.82385819109981
494;1.07223559572336;1.82638965523139
495;1.05633262364263;1.82942849321085
496;1.03999988292216;1.83300020634972
497;1.02324934325275;1.83712798097116
498;1.00612186865301;1.84181465261351
499;0.988665694754534;1.84706520079408
500;0.970931380321739;1.85287553421526
501;0.952964789690743;1.85924497858413
502;0.934817847592599;1.8661656968709
503;0.916541808259049;1.87363520629998
504;0.898189260667283;1.88164129099519
505;0.879805294056698;1.89017389555834
506;0.861448709902633;1.89921928165047
507;0.843162732318192;1.90875964782638
508;0.825000819430278;1.91877991235593
509;0.807008976465225;1.92925982907836
510;0.789239188498228;1.9401722853039
511;0.771729957870698;1.95149868764371
512;0.754533379410964;1.96320671877552
513;0.737687902765275;1.97527300439363
514;0.721235010442094;1.98766695909738
515;0.705214211250792;2.00035673912182
516;0.689662975809861;2.01330946955576
517;0.674615225426825;2.02649591718752
518;0.660105135073192;2.03987960167996
519;0.646165566512458;2.05342882500134
520;0.632820140233447;2.06711183294109
521;0.620099995204055;2.0808901950973
522;0.608019428855349;2.09473569355792
523;0.596562909865015;2.10862924797761
524;0.585697320469898;2.12255538236476
525;0.575398324893775;2.13650257015772
526;0.565634077847632;2.15045388465378
527;0.556377690024862;2.16440202687888
528;0.547598789700874;2.1783375391527
529;0.539274868069948;2.19224938894549
530;0.531371353815071;2.20613134596634
531;0.523867544530691;2.21997909994951
532;0.51673343072314;2.23378231670566
533;0.509942231955261;2.24753889397526
534;0.50347073694151;2.2612436363551
535;0.497291947627853;2.2748910481989
536;0.491382636497923;2.28848135134452
537;0.485714715582273;2.30200972737588
538;0.480268478000272;2.31547572022699
539;0.475019292379877;2.32887383259229
540;0.469943384020053;2.34220767315459
541;0.46501873511505;2.35547498904319
542;0.46022415711695;2.36867183771708
543;0.45553769400466;2.3818007033879
544;0.450938249091515;2.39486227255217
545;0.446405533605538;2.4078554567153
546;0.44191765440246;2.42077905089923
547;0.437456401626045;2.43363680596009
548;0.433002679629987;2.44642827823886
549;0.428537753309195;2.45915322946971
550;0.424048458103965;2.47181655767987
551;0.419540855785262;2.48441834836105
552;0.415017974497145;2.49696414054261
553;0.410483159230021;2.50945739633321
554;0.405941660610836;2.52190178869429
555;0.401395126302844;2.53429833433629
556;0.396850337378561;2.54665274238116
557;0.392308576134279;2.55896776433555
558;0.387775218900477;2.57124476088787
559;0.38325338678476;2.58348662827621
560;0.378745899758176;2.59569806729974
561;0.374257722270863;2.60788206073039
562;0.369794290029194;2.62003775105211
563;0.365354313112775;2.63217092418219
564;0.360946872317426;2.6442811205762
565;0.356570653535992;2.65637396293577
566;0.352232511600077;2.6684504384058
567;0.347933453909388;2.68051257940516
568;0.343678376972298;2.69256101635568
569;0.339471416234601;2.70460178999429
570;0.335313957889011;2.71663310926507
571;0.33121030517011;2.72865906009726
572;0.327163353560062;2.74067981710974
573;0.323177323228814;2.75269932652466
574;0.319254816242549;2.76471945008785
575;0.315398607283592;2.7767402257821
576;0.311611227294822;2.78876344586202
577;0.307896747866722;2.80079281764055
578;0.304257821945367;2.81282826034846
579;0.300698620941499;2.82487161843439
580;0.297219772232266;2.83692431922422
581;0.29382693072283;2.8489900430184
582;0.290521017966029;2.86106666505344
583;0.287304130669689;2.87315743799393
584;0.284175422714174;2.88526006988534
585;0.281130791761205;2.89737027700573
586;0.278167714854547;2.9094857410868
587;0.275281998659639;2.92160404209503
588;0.272471506339915;2.93371960517142
589;0.269731959783444;2.94583185707002
590;0.267059448759051;2.95793690757113
591;0.264451627456773;2.97003277141255
592;0.261906470417945;2.9821141827983
593;0.259419871940409;2.99418080114705
594;0.256987931631712;3.00623066264123
595;0.254608724906091;3.01825870375591
596;0.25228006364436;3.03026322792466
597;0.249996657424737;3.04224067567369
598;0.247756273088831;3.0541910828982
599;0.245556973448174;3.06611125486487
600;0.243395225687523;3.07799792655672
601;0.241269148056747;3.08984802244447
602;0.239175027829566;3.10166160209931
603;0.23711104999552;3.11343566659566
604;0.235072235596775;3.12516702848799
605;0.233058307054173;3.13685450323839
606;0.231065945503549;3.14849511214031
607;0.229091757449545;3.1600875040624
608;0.227133963695185;3.17163046987884
609;0.22519091849347;3.18312125904307
610;0.223257876481692;3.19455694571424
611;0.221333147603667;3.20593642516943
612;0.219416609671366;3.21725871645407
613;0.21750207707306;3.2285208925344
614;0.215589586081121;3.23972049251577
615;0.213676001409466;3.25085641540477
616;0.211758226617549;3.26192758143712
617;0.209836245798928;3.27293312642513
618;0.207907199254997;3.28386896868649
619;0.205970802116865;3.29473883203581
620;0.20403149090461;3.30554365411815
621;0.202087547734579;3.31628547880748
622;0.200144860027107;3.32696527859779
623;0.198200198440002;3.33758495302541
624;0.196259309428629;3.34814690784879
625;0.194320543041253;3.35865158559917
626;0.192386709147804;3.3690996788247
627;0.190460336610279;3.37949628492497
628;0.188539937043907;3.3898388321365
629;0.186631041857219;3.40013104832515
630;0.184731977534914;3.41037327920625
631;0.182845387189882;3.42056756045201
632;0.180972436356559;3.43071581783173
633;0.179114358954192;3.44081850052914
634;0.177272302856549;3.45087749266184
635;0.175450291151356;3.46089479826606
636;0.173645266760776;3.47086915320477
637;0.171862590795119;3.48080403787901
638;0.170101997841434;3.49069974212473
639;0.168364515695065;3.50055947101963
640;0.166651372636184;3.51038212734761
641;0.164965066638404;3.52016952336262
642;0.163305247365677;3.5299233141553
643;0.16167586706635;3.53964392079085
644;0.160075150903281;3.54933290266449
645;0.158506956775564;3.55899205609485
646;0.156970973113341;3.56862156671174
647;0.155468227787942;3.57822307435569
648;0.154002524912549;3.58779831898052
649;0.152572142801651;3.59734739200415
650;0.151179473017338;3.60687194575324
651;0.149825563840584;3.61637217382008
652;0.148512774827747;3.62584969962725
653;0.147242128109772;3.63530469758592
654;0.146013157729233;3.64474002395645
655;0.144826883333829;3.65415582948185
656;0.143687041121285;3.66355236973435
657;0.142594507018114;3.67293250597281
658;0.141547598524006;3.68229489892484
659;0.140549956139999;3.69164113778289
660;0.139602438301608;3.70097403946309
661;0.13870470506647;3.71029230589823
662;0.137855027082134;3.71959594693991
663;0.13705303234079;3.72888502553696
664;0.136295633384441;3.7381608445437
665;0.135583821384357;3.74742351124358
666;0.134914686517658;3.75667033057709
667;0.134287808462013;3.76590403694804
668;0.133701545550244;3.77512464738352
669;0.13315563892237;3.78433090838748
670;0.132647153042407;3.79352280436144
671;0.132175762379314;3.80270172800347
672;0.131738616733794;3.81186634906563
673;0.13133807597232;3.82101683982158
674;0.130969914247283;3.83015445098993
675;0.130633938388034;3.83927795631663
676;0.130328571239013;3.84838869352892
677;0.13005363398848;3.85748544361655
678;0.129806279306003;3.86656949635556
679;0.129587639980121;3.87563968351492
680;0.129393652660113;3.88469596202183
681;0.129226663182071;3.89373978720679
682;0.129082640500631;3.90277110885056
683;0.12896274045983;3.91178877093676
684;0.128864244770153;3.92079277615895
685;0.128786960764647;3.92978448280093
686;0.128729513260151;3.93876265946353
687;0.128690457041079;3.94772861703201
688;0.128669705222856;3.95668117151763
689;0.128664570937372;3.96562158706734
690;0.128676243581904;3.97454872603952
691;0.128702059236968;3.98346384696182
692;0.128741961229637;3.99236577640141
693;0.128793316379169;4.00125576767394
694;0.128857332067162;4.01013269257109
695;0.12893263963493;4.01899783846212
696;0.129016722303626;4.02784996178283
697;0.129109480884972;4.03669038422002
698;0.129210896332279;4.04551794653429
699;0.129318407137085;4.05433388492172
700;0.129433201490656;4.06313831337897
701;0.12955158977173;4.07192996187464
702;0.129674771295339;4.08070895143362
703;0.129801414810352;4.08947776706107
704;0.129929175279057;4.09823273992445
705;0.130059144728364;4.10697764555975
706;0.130190209539476;4.11570886854985
707;0.130322246517765;4.12443012887083
708;0.130455324767844;4.13313907239525
709;0.130589360415075;4.14183818866136
710;0.130725625731336;4.15052517029145
711;0.130862866802471;4.15920125623992
712;0.131001038807231;4.16786771289212
713;0.131141368569744;4.17652344163783
714;0.131283841700532;4.18516850880483
715;0.131427215580431;4.19380413383782
716;0.131572709640775;4.20242922342806
717;0.131721459017044;4.21104506539239
718;0.131871112429351;4.21965045830734
719;0.132022771076204;4.22824786549732
720;0.132177674637125;4.23683501421432
721;0.13233458933836;4.24541310634611
722;0.132493465742676;4.25398337073201
723;0.132655536241715;4.2625435471436
724;0.132820708161615;4.27109603503791
725;0.132987831448563;4.27963967680848
726;0.133156857664393;4.28817569005085
727;0.133330136163372;4.29670302967395
728;0.133506444891169;4.30522287121439
729;0.13368576544194;4.31373525890055
730;0.133866923891559;4.3222402007885
731;0.134052251560263;4.33073665860075
732;0.13424165228246;4.33922698429196
733;0.13443398848729;4.34771002911425
734;0.134629242679974;4.35618583545108
735;0.134828542008211;4.3646544806823
736;0.135030720411131;4.37311597095878
737;0.135237970662306;4.38157269809698
738;0.135448092878844;4.39002120562811
739;0.135662100829004;4.3984649828777
740;0.135880041931687;4.40690178989677
741;0.136102989913721;4.41533283273905
742;0.136328657631183;4.42375807463423
743;0.136559283530396;4.43217761804717
744;0.136794804647624;4.44059262020044
745;0.137033016736971;4.44900079205163
746;0.13727719744853;4.45740451708607
747;0.137525110374547;4.4658026328963
748;0.137777816539998;4.47419632188067
749;0.138035323317798;4.48258449451691
750;0.13829645726208;4.49096825975103
751;0.138563418543992;4.49934771060857
752;0.138835066534171;4.50772283705415
753;0.139111375195916;4.51609366319045
754;0.139393422767701;4.52446024695884
755;0.139678973498381;4.5328225440268
756;0.139971308082886;4.54118067985479
757;0.140268159431273;4.54953570780033
758;0.140569536581429;4.55788654911624
759;0.140876475021624;4.56623435460933
760;0.141187886144343;4.57457801542327
761;0.141502622038689;4.582918610672
762;0.141821752683971;4.59125619079728
763;0.142145254296692;4.5995907723752
764;0.14247201923006;4.60792233834984
765;0.142801996471257;4.61625198729404
766;0.14313415546553;4.62457753599838
767;0.143470574273263;4.63290122986475
768;0.143809110873337;4.64122193612525
769;0.144149720739804;4.64954074527682
770;0.144492426129493;4.65785659517431
771;0.14483718276748;4.6661705722693
772;0.145183979809159;4.67448268667167
773;0.145531739782473;4.68279291526799
774;0.145881522493961;4.69110130125167
775;0.146231158374282;4.69940885130029
776;0.14658283644031;4.7077135137919
777;0.14693436169133;4.71601735648265
778;0.147285767944864;4.72431932636217
779;0.147638078480905;4.73262052167903
780;0.14799026786189;4.74091986004634
781;0.148342303979699;4.74921840297432
782;0.148694187683068;4.75751615461795
783;0.149044871700544;4.76581308632433
784;0.149395408627183;4.77410923504258
785;0.149743710322978;4.78240453943216
786;0.150090798448981;4.79070007908855
787;0.150437785407001;4.7989938036299
788;0.15078148944087;4.80728770280686
789;0.151124002058651;4.81558184065002
790;0.151464326418889;4.82387514786375
791;0.151802441358973;4.83216866232984
792;0.152138358228975;4.84046238287672
793;0.152471058128224;4.84875627595023
794;0.152801585946975;4.85705037287734
795;0.153128926128431;4.8653446402097
796;0.153453094944493;4.87363907694733
797;0.153773053159637;4.8819346730449
798;0.15408987578251;4.89023043320237
799;0.154402559039454;4.89852632433857
800;0.154712109806119;4.90682339573381
801;0.155016511398626;4.91512157721518
802;0.155316804372808;4.92342089504042
803;0.155613009447661;4.9317213433759
804;0.155904167985216;4.94002187339238
805;0.156190241658335;4.94832450346471
806;0.156472295549785;4.95662824703191
807;0.15674830593405;4.96493404099321
808;0.157018366497233;4.973239866266
809;0.157283414729942;4.98154876243815
810;0.157542537842633;4.98985868048684
811;0.157795765390096;4.9981696153267
812;0.15804306374654;5.00648355734825
813;0.158284525305135;5.01479849953625
814;0.158518158864269;5.02311536864222
815;0.158746950241203;5.03143524197727
816;0.158967981361986;5.03975701984712
817;0.159181290645829;5.04808069302499
818;0.159388892001024;5.05640631465602
819;0.159588810078465;5.06473479940483
820;0.159781082815819;5.07306613345675
821;0.159965778871807;5.08139932010958
822;0.160142904656322;5.08973533201008
823;0.160311517640111;5.09807412487187
824;0.160474624989148;5.10641479956979
825;0.160629323935827;5.11475725520851
826;0.16077861128381;5.12310060040268
827;0.160920536096264;5.13144574354416
828;0.16105710849307;5.13979176545083
829;0.161188384936759;5.14813769196576
830;0.161313422417593;5.15648349364682
831;0.161434185437577;5.164829232049
832;0.161549729085559;5.17317487767112
833;0.161661072666585;5.18151949744626
834;0.161768236340754;5.18986309668076
835;0.161871240134184;5.19820568065391
836;0.161970133786136;5.20654629521708
837;0.162066852562079;5.2148850097293
838;0.162159523702186;5.22322081776439
839;0.162250046295208;5.23155474763696
840;0.162338489475498;5.23988490190054
841;0.162423852066283;5.24821317285417
842;0.162508137227147;5.25653677763839
843;0.162590371516591;5.26485665796419
844;0.162670564266553;5.27317283165257
845;0.162750616354692;5.28148537469563
846;0.162829641896361;5.28979238650064
847;0.162908559018236;5.29809486500585
848;0.162986455320747;5.30639186120079
849;0.16306521484554;5.31468345852249
850;0.163143923346829;5.32296871489256
851;0.163222551751643;5.33124859684861
852;0.163302064055943;5.3395222224582
853;0.163383389646208;5.34778964919267
854;0.163465643811813;5.35604901179095
855;0.163549695941449;5.36430223822657
856;0.163635593820296;5.37254749700409
857;0.16372329998828;5.38078575293228
858;0.16381283370077;5.38901611098771
859;0.163906065098213;5.3972377377855
860;0.164001128278499;5.40545061674571
861;0.164099831679157;5.41365576618583
862;0.164202213949097;5.42185137817939
863;0.164307337711398;5.43003746775525
864;0.164416999232836;5.43821505180116
865;0.16453031565334;5.44638230615231
866;0.164648185640266;5.4545393045641
867;0.164769673614952;5.46268606505473
868;0.164897502055344;5.47082271566024
869;0.165028934269992;5.47894830685108
870;0.165166657395868;5.48706388013802
871;0.165308879549634;5.4951676066939
872;0.165457395673393;5.50325959316685
873;0.165612177449382;5.51133989092666
874;0.16577229173252;5.51940852380998
875;0.165939549308496;5.52746469315044
876;0.166113016048228;5.53550842598046
877;0.166293565613677;5.54353980322722
878;0.166481193854132;5.55155797843336
879;0.166675869772859;5.55956300850746
880;0.166878459909459;5.56755497686208
881;0.167088060856799;5.57553301667929
882;0.16730643173114;5.58349724116513
883;0.16753264149003;5.5914476824848
884;0.167767575540647;5.59938353387253
885;0.16801119681948;5.60730485726046
886;0.168262578969662;5.615211687504
887;0.168524381159339;5.62310327728783
888;0.168794785483723;5.63097963764801
889;0.169074642079379;5.63884085913003
890;0.16936393835059;5.64668612051472
891;0.169663518908198;5.6545155150241
892;0.169972459389219;5.66232908236097
893;0.17029251020899;5.67012606024181
894;0.170622720082368;5.67790737090773
895;0.170962169469194;5.68567305280471
896;0.171312602641702;5.69342234581485
897;0.171671267983686;5.70115786698203
898;0.172039935729907;5.70887797552951
899;0.172417639866429;5.71658445599618
900;0.172804397599873;5.72427561878617
901;0.173200094698043;5.73195414084965
902;0.17360474898924;5.73961833303153
903;0.174017404088324;5.74726996555109
904;0.174438055552294;5.75490822126859
905;0.174866620262298;5.76253488795356
906;0.175303120604436;5.7701482809451
907;0.175748338584175;5.77775020907923
908;0.176199650719218;5.78534063966104
909;0.17665875898219;5.79291967121288
910;0.177125634126344;5.80048734937545
911;0.177599360772209;5.80804455328527
912;0.178079054539203;5.81559129836903
913;0.178565551378835;5.82312765239946
914;0.179058799936244;5.83065451333164
915;0.179558775345258;5.838171918829
916;0.180063743883479;5.84567985369207
917;0.180575368160811;5.85317926118673
918;0.181092797823833;5.86066929637082
919;0.181615108051173;5.86815167215985
920;0.182143157820032;5.87562559477207
921;0.182676926503461;5.88309109732943
922;0.18321549287409;5.89054988238187
923;0.183758866138762;5.89800112927122
924;0.184306157016474;5.90544568678048
925;0.184859067738894;5.91288278887086
926;0.185415838012972;5.92031409918309
927;0.185977323351084;5.92773882393623
928;0.186542639066525;5.93515780381532
929;0.187111745287907;5.9425719015612
930;0.1876846816119;5.94997945708317
931;0.188260516899164;5.95738298435002
932;0.188840968882697;5.96478087707575
933;0.189423459178373;5.97217475019671
934;0.190009678133528;5.97956383675134
935;0.190598725336755;5.98694979719222
936;0.191190644024955;5.99433097704512
937;0.191785371248224;6.00170905897852
938;0.192382065977674;6.00908402831162
939;0.192981551724949;6.01645592349069
940;0.193582962953725;6.02382555885759
941;0.194186319667715;6.03119211489288
942;0.194791588612218;6.03855643038914
943;0.19539791035486;6.04591931333615
944;0.196006958293198;6.05327999746413
945;0.196616223759999;6.0606392352165
946;0.197227325724061;6.06799790853724
947;0.197839462251227;6.07535517091996
948;0.19845260305008;6.08271184881031
949;0.199066744582386;6.09006794451414
950;0.199681064186998;6.09742343349999
951;0.200295534487061;6.10477913614698
952;0.200910972060383;6.11213507857068
953;0.201526530314721;6.11949204937964
954;0.202142235522616;6.12684922969238
955;0.202757245991933;6.13420740607963
956;0.203372377276234;6.14156660175879
957;0.20398760181053;6.14892762534187
958;0.204601296367405;6.15629041635263
959;0.205215086739706;6.16365502212977
960;0.205828162921122;6.17102140918758
961;0.206439664763142;6.17839116074626
962;0.207050458761373;6.1857626767015
963;0.207659713657999;6.19313673001626
964;0.208268212930948;6.20051414388496
965;0.208874322594556;6.20789565655217
966;0.209479711748652;6.21527970003236
967;0.210082723136885;6.22266781618307
968;0.210683364540357;6.2300599900879
969;0.211282444406129;6.23745623401994
970;0.211879967611488;6.24485653323397
971;0.212474314298042;6.2522616175458
972;0.213066265655532;6.25967229442248
973;0.21365588362204;6.26708694982017
974;0.214242298363139;6.27450792990238
975;0.214826369622351;6.28193364889228
976;0.215407283710855;6.28936485647602
977;0.215985023767156;6.29680232582314
978;0.216559600082599;6.30424603425246
979;0.217130204460235;6.3116967232028
980;0.217697694690863;6.31915281396753
981;0.218261999309077;6.32661665508053
982;0.218821606067293;6.33408658728959
983;0.219378051251089;6.34156421787012
984;0.219929799061525;6.34904867807101
985;0.220478381964971;6.35654156888114
986;0.221022295081722;6.36404123611115
987;0.22156152676572;6.37154843897013
988;0.222097658313124;6.37906320472122
989;0.222629917767519;6.38658547897741
990;0.223158345120739;6.39411445369857
991;0.223682953078007;6.40165010473844
992;0.224204506232106;6.40919321448611
993;0.224722263471174;6.41674295072661
994;0.22523623741151;6.42429928962243
995;0.22574718980979;6.43186301111171
996;0.226255184979447;6.43943253778856
997;0.226760205451496;6.44700862344517
998;0.227261487303465;6.45459121739025
999;0.227760615785821;6.4621795779832
1000;0.228256798770176;6.46977442931242
1001;0.228750045944006;6.47737574821157
1002;0.22924039419146;6.48498274155985
1003;0.229728622278394;6.49259541631033
1004;0.230213941638713;6.50021449330134
1005;0.230697183607284;6.50783844225749
1006;0.231177561373059;6.51546798510148
1007;0.231656588352687;6.52310392182489
1008;0.232132793751314;6.53074464620496
1009;0.232606923598646;6.5383909320953
1010;0.233079774676263;6.5460420241061
1011;0.233549799952858;6.55369861292522
1012;0.234018558117871;6.56135997225755
1013;0.234486026048731;6.56902684546289
1014;0.234950743445005;6.57669764029375
1015;0.235414940570138;6.58437394094865
1016;0.235877130836893;6.5920549164014
1017;0.236338077496398;6.59974057724049
1018;0.23679705582948;6.60743012415943
1019;0.237255527981195;6.6151251073247
1020;0.237712795401851;6.62282397267946
1021;0.238168861974457;6.63052670659083
1022;0.238623704529231;6.63823404772408
1023;0.239078105354638;6.64594525560209
1024;0.239531315186489;6.65366028971685
1025;0.239983310858729;6.66137988629163
1026;0.24043562073455;6.66910333461088
1027;0.240886774635078;6.67682981947227
1028;0.241337496386238;6.68456010423737
1029;0.241787787195123;6.69229417569466
1030;0.242237648266265;6.70003202068748
1031;0.242687107735112;6.70777288168441
1032;0.243136883412395;6.71551751870811
1033;0.243585515405864;6.72326512219439
1034;0.244035233010842;6.73101576249459
1035;0.244483782367701;6.73877008955201
1036;0.244933441415767;6.74652669087759
1037;0.245382673852607;6.7542869835851
1038;0.24583227301134;6.76204950488045
1039;0.24628221063122;6.76981498471512
1040;0.246732485329219;6.77758341293685
1041;0.24718309572892;6.78535477943594
1042;0.247634829112919;6.7931276308185
1043;0.248086132729071;6.80090411116437
1044;0.248539288233139;6.80868208817209
1045;0.248992038030076;6.81646294165841
1046;0.249446605153984;6.82424601028003
1047;0.249901548219871;6.83203050225939
1048;0.250357542429868;6.83981789955343
1049;0.250814637396464;6.84760673391312
1050;0.251272074185922;6.85539770219538
1051;0.251731306563958;6.86319085052313
1052;0.252192354924701;6.87098544488943
1053;0.252653734530764;6.87878215308294
1054;0.253116920885781;6.88658029617303
1055;0.253581183495308;6.89437984278665
1056;0.254047242028479;6.90218081487165
1057;0.254515063671356;6.90998393034569
1058;0.254984695494947;6.91778773849969
1059;0.255455383747534;6.92559293151753
1060;0.255928591663507;6.93339883780177
1061;0.256402818824268;6.94120684070868
1062;0.256879551835896;6.94901554928116
1063;0.257358064459265;6.95682493479189
1064;0.257839041035992;6.96463573857832
1065;0.258321093973788;6.97244647075844
1066;0.258806312586059;6.98025864187241
1067;0.259293283595546;6.98807147980884
1068;0.259782714791128;6.99588500898237
1069;0.260274597872215;7.00369922728679
1070;0.260768924573934;7.01151413262666
1071;0.261265713143456;7.01932901158397
1072;0.261764928893486;7.02714457500332
1073;0.262267299875386;7.03496013752629
1074;0.262771371201641;7.04277635549527
1075;0.263279288114841;7.05059259804098
1076;0.263788915663316;7.0584087861236
1077;0.26430236797817;7.06622499936981
1078;0.264818220724675;7.07404118520862
1079;0.265337170988664;7.08185737037313
1080;0.265859234923737;7.0896728509004
1081;0.266385052977636;7.09748906279185
1082;0.266913260055026;7.10530454578783
1083;0.267444550278409;7.11311932892129
1084;0.267979588330923;7.12093414235534
1085;0.268518388251307;7.12874828597764
1086;0.269060238113538;7.13656173599961
1087;0.269605101598284;7.1443751938716
1088;0.270153719643591;7.15218729006989
1089;0.270706751051893;7.15999875314689
1090;0.271262065386511;7.16781020313162
1091;0.271821795315667;7.17562032777715
1092;0.272384510114973;7.18342977423393
1093;0.272950200122669;7.19123854504542
1094;0.273519549255433;7.19904666909619
1095;0.274092545677505;7.20685414890547
1096;0.274667793545348;7.21466093429283
1097;0.275246668188761;7.22246708046143
1098;0.275828467387273;7.23027256356364
1099;0.276413181744183;7.238077386091
1100;0.277000828245519;7.24588086148597
1101;0.277590656597792;7.25368434470583
1102;0.278184061205912;7.2614872011117
1103;0.278779656982976;7.26928938047919
1104;0.27937812302996;7.27709091159563
1105;0.279979476531036;7.2848911115595
1106;0.280582971087607;7.29269132787508
1107;0.281188626164798;7.30049087688523
1108;0.281797118057277;7.3082897873405
1109;0.282407755351024;7.31608803530154
1110;0.283021239288584;7.32388496782196
1111;0.283636146349009;7.33168189868571
1112;0.284253858788743;7.33947820054235
1113;0.284873008738179;7.34727382306577
1114;0.285494949268047;7.35506882129988
1115;0.286118315462757;7.36286314489433
1116;0.286743780220495;7.37065682252913
1117;0.287371336965018;7.37844985652874
1118;0.288000276887326;7.38624289876031
1119;0.288631323510776;7.39403462535249
1120;0.289264443986592;7.40182571522424
1121;0.289898257950911;7.40961679170812
1122;0.290534162057544;7.41740656154983
1123;0.291172097160359;7.42519637384526
1124;0.291810766309404;7.4329848327125
1125;0.292451456509745;7.44077333712126
1126;0.293092847312104;7.44856116422128
1127;0.293736275669554;7.45634836898359
1128;0.294380397618696;7.46413490087781
1129;0.295025879208603;7.47192078848557
1130;0.295672689889644;7.47970670143867
1131;0.296320211541679;7.48749127997944
1132;0.296969055389654;7.49527588684092
1133;0.297619270091064;7.50305919141849
1134;0.298270134108121;7.51084250087172
1135;0.298921671817752;7.51862515130807
1136;0.299573881216042;7.52640714486712
1137;0.300227422896703;7.5341885100825
1138;0.300881604504843;7.54196988458118
1139;0.301535815656281;7.54974991957505
1140;0.302191324689797;7.55752999310739
1141;0.302847494149521;7.56530941896712
1142;0.303503662910905;7.57308817282622
1143;0.304160489562635;7.58086628317707
1144;0.304817945742652;7.58864440990924
1145;0.305475425221011;7.59642121234822
1146;0.306133531716634;7.60419803393108
1147;0.306791633938227;7.61197419245852
1148;0.307450387111623;7.61974971639719
1149;0.308109108439385;7.6275252357959
1150;0.308767850897009;7.63529944309636
1151;0.309426561714472;7.64307364854575
1152;0.310085267432165;7.65084719969485
1153;0.310744619939579;7.65862012498475
1154;0.311403288655865;7.66639302463588
1155;0.312061952577288;7.6741652746241
1156;0.312719988456835;7.68193620067106
1157;0.313378617298206;7.68970780704831
1158;0.314036619613235;7.69747809340553
1159;0.314693944559013;7.70524835931601
1160;0.315351267821901;7.71301798403951
1161;0.316007942972087;7.72078694305324
1162;0.316664617921988;7.72855526474668
1163;0.317320621074438;7.73632356979457
1164;0.317975980923082;7.74409121359272
1165;0.318630673023593;7.75185884196761
1166;0.319284752324118;7.75962516833556
1167;0.319938167894365;7.76739148178303
1168;0.320590306216764;7.77515711381064
1169;0.32124242741596;7.78292276058115
1170;0.321893303089641;7.7906870877076
1171;0.322543524244255;7.79845140556969
1172;0.323192453418228;7.80621568763934
1173;0.32384075972919;7.81397932155326
1174;0.324487806970553;7.82174228269332
1175;0.325134236488105;7.82950459938154
1176;0.325778749972349;7.83726685738935
1177;0.326422652090629;7.84502847335801
1178;0.327065309123536;7.85278942264671
1179;0.32770669837385;7.86055034206633
1180;0.328346850074851;7.86831059719646
1181;0.328985767970614;7.87607018985529
1182;0.329623429319466;7.8838297549577
1183;0.330259231828187;7.89158863348868
1184;0.33089381291923;7.8993468537233
1185;0.331526518571766;7.9071050222263
1186;0.332158011392629;7.91486253478431
1187;0.332788268563421;7.92262002318005
1188;0.333416690805277;7.93037683150729
1189;0.334043283583517;7.93813296155382
1190;0.33466802588452;7.94588904324428
1191;0.335290949589805;7.95364444898544
1192;0.335912033646577;7.96139980746782
1193;0.336531936190012;7.96915451877273
1194;0.337149409359353;7.9769085317704
1195;0.337765058959157;7.98466249975875
1196;0.338378292274994;7.99241577176031
1197;0.338990337715488;8.00016902628091
1198;0.339599978647799;8.00792158712219
1199;0.340207195704852;8.01567407870413
1200;0.340812644406398;8.02342590534662
1201;0.341415708498478;8.03117704237738
1202;0.342016989394957;8.0389281388152
1203;0.342615278170222;8.04667852152897
1204;0.343211796444108;8.05442886474382
1205;0.343805956679218;8.06217852294577
1206;0.344397739351985;8.06992811633851
1207;0.344987177709609;8.07767702701612
1208;0.345573634915841;8.08542584760685
1209;0.346157762606755;8.09317398778828
1210;0.346739541169398;8.10092206538307
1211;0.347319003716333;8.10866946485936
1212;0.347895515688133;8.11641677649909
1213;0.348469726212877;8.12416341232049
1214;0.349041028205672;8.13190934770985
1215;0.349609377371627;8.13965581070515
1216;0.350174861082118;8.14740096186102
1217;0.350738046961574;8.15514605495122
1218;0.351298330168193;8.16289106363542
1219;0.351855745277562;8.17063537709797
1220;0.352410274209041;8.17837960731636
1221;0.352962561113485;8.18612317092455
1222;0.353511977051575;8.19386665243699
1223;0.354059138673688;8.20161007812968
1224;0.354603470703164;8.20935281379932
1225;0.355144981200822;8.21709486118252
1226;0.355684232494857;8.22483746181318
1227;0.356220703408885;8.23257876910614
1228;0.356754928858703;8.24032062963966
1229;0.357286993764764;8.24806122648913
1230;0.357816221202579;8.25580235035673
1231;0.358343275427876;8.26354281788655
1232;0.358868136415508;8.27128323413812
1233;0.359390233694489;8.27902297013814
1234;0.359910753377997;8.28676268215744
1235;0.360428496542797;8.29450231786815
1236;0.360943497100409;8.30224127619157
1237;0.361456937742498;8.30998021163963
1238;0.361968248949061;8.3177184980767
1239;0.362477384507764;8.32545733604344
1240;0.362983803750636;8.3331955000339
1241;0.363488710919959;8.34093304390859
1242;0.363991486437932;8.34867054100228
1243;0.364492136234163;8.35640799131879
1244;0.364990666216135;8.36414539486401
1245;0.365487108293026;8.37188215554474
1246;0.365982037828672;8.37961889658553
1247;0.366474269014491;8.38735556596057
1248;0.366965024206062;8.3950916212386
1249;0.367454281545654;8.4028276579391
1250;0.36794085846117;8.4105636241173
1251;0.368425973913674;8.41829897890626
1252;0.368909580102201;8.42603490844247
1253;0.369391141267807;8.43377020170974
1254;0.369870637166204;8.4415054515316
1255;0.370348689999494;8.44924009317905
1256;0.370825277885411;8.45697471834454
1257;0.371299815290298;8.46470930114169
1258;0.371772896850563;8.47244386743475
1259;0.372243938077169;8.48017839136862
1260;0.372714146249667;8.48791233665939
1261;0.373182323062212;8.49564624064856
1262;0.373648474063347;8.50338010335713
1263;0.374113777449874;8.51111397635338
1264;0.374577649730289;8.518847833814
1265;0.375039535275902;8.526581064707
1266;0.375499998528322;8.53431428111801
1267;0.375959627561713;8.54204750873913
1268;0.376417257282883;8.5497806961103
1269;0.376873476268078;8.55751386894081
1270;0.377328288341446;8.56524702721309
1271;0.377782305061794;8.57297961446414
1272;0.378234921395494;8.580712188144
1273;0.378685534460227;8.58844530366291
1274;0.379135361902314;8.5961778496402
1275;0.379584380274447;8.60391040758493
1276;0.380031458367848;8.61164234680872
1277;0.380477708237669;8.61937487794015
1278;0.38092257919053;8.62710739537518
1279;0.381366678380312;8.63483934670349
1280;0.381809404986595;8.64257128531412
1281;0.382251314088128;8.65030381357338
1282;0.38269188243625;8.65803575165191
1283;0.383131088182093;8.66576767694193
1284;0.383570085658945;8.67349964031892
1285;0.384007150931162;8.68123156539245
1286;0.384444012115927;8.68896352843374
1287;0.384879522142311;8.69669547854612
1288;0.385314257910193;8.70442744109852
1289;0.38574764869411;8.71215939067193
1290;0.386180842632508;8.71989137794826
1291;0.386612696704317;8.72762335216484
1292;0.387043811046167;8.73535476736172
1293;0.387474137048827;8.74308676651912
1294;0.387903702063572;8.75081877781014
1295;0.388331938355773;8.75855077591876
1296;0.388760013183247;8.76628224208246
1297;0.389187307787353;8.77401428996687
1298;0.389613849424194;8.78174634976797
1299;0.390039640081519;8.78947842143292
1300;0.390464681740094;8.79721050490929
1301;0.390889568279918;8.8049420585595
1302;0.391313117340803;8.81267416598407
1303;0.391736489055821;8.82040631019103
1304;0.39215911863474;8.82813846596939
1305;0.392581547694228;8.83587122312169
1306;0.393003262629624;8.84360342645675
1307;0.393424240269301;8.85133564118046
1308;0.393845045824559;8.85906789228531
1309;0.394265091931727;8.86680071743557
1310;0.3946844305772;8.87453299051505
1311;0.395103575450271;8.88226586155434
1312;0.395522552015163;8.88999876766879
1313;0.395940824836003;8.89773112297578
1314;0.396358906224743;8.90546407451873
1315;0.396776821587439;8.91319706088388
1316;0.397194546449792;8.92093064134732
1317;0.397611572183247;8.92866367169993
1318;0.398028434147465;8.93639673662656
1319;0.398444549993682;8.94413036909792
1320;0.398861061352486;8.9518640598628
1321;0.399276853288521;8.95959775913919
1322;0.399693040611613;8.96733151649438
1323;0.400108510309766;8.97506528221507
1324;0.400524350497748;8.98279966131616
1325;0.400939499635805;8.99053349264482
1326;0.401355019167209;8.99826793618698
1327;0.401769824676226;9.00600238685402
1328;0.402185025214961;9.01373689401389
1329;0.402600041949412;9.02147198597755
1330;0.403014900006248;9.02920710857975
1331;0.403429624443141;9.03694170955409
1332;0.403844693424778;9.04467747000452
1333;0.404259628652523;9.05241270862957
1334;0.404674932049113;9.06014855290072
1335;0.405089551228365;9.06788385151212
1336;0.405505088306332;9.07561977920199
1337;0.405919892841713;9.0833562607334
1338;0.406335113544009;9.09109224595696
1339;0.406750700329424;9.09882883299925
1340;0.407166104291795;9.10656599583422
1341;0.407581922343829;9.11430266248721
1342;0.407998104509334;9.12203992828815
1343;0.408414127733935;9.12977722070657
1344;0.408830538522481;9.13751456410487
1345;0.409247311472525;9.1452525040016
1346;0.409663924874739;9.1529904693135
1347;0.410080923849562;9.16072848435676
1348;0.41049882730772;9.16846711763864
1349;0.410916569703088;9.17620577511514
1350;0.411334694780878;9.18394448105663
1351;0.411753177253972;9.19168377823012
1352;0.412171498085484;9.19942309842492
1353;0.412590741616984;9.20716249015233
1354;0.413010339738912;9.2149024704948
1355;0.413430856855315;9.22264252117581
1356;0.413851209446481;9.23038259356351
1357;0.414271913852571;9.23812325197099
1358;0.414693533078633;9.24586397944385
1359;0.415115501390985;9.25360529088501
1360;0.415537842074374;9.26134664604429
1361;0.415961092537588;9.26908806897987
1362;0.41638468846375;9.27683007329481
1363;0.416808653101308;9.28457212009795
1364;0.417233498412042;9.29231477040017
1365;0.41765870972751;9.3000574620704
1366;0.418084798154615;9.30780075519711
1367;0.418511249898873;9.31554408858076
1368;0.418938599264458;9.32328748617963
1369;0.41936628521364;9.3310314585888
1370;0.419794841216421;9.338776028405
1371;0.420224313100589;9.34652012640645
1372;0.420654626637823;9.3542653540998
1373;0.421085294659822;9.36201061873884
1374;0.421516848840141;9.36975594419919
1375;0.421949263037411;9.37750186246731
1376;0.422382027359204;9.38524781649563
1377;0.422816179495393;9.39299438526624
1378;0.423250678300939;9.40074098870308
1379;0.423686559753838;9.40848820485608
1380;0.424122784445993;9.41623545459045
1381;0.424560386648818;9.42398331502722
1382;0.424998857736875;9.4317312318088
1383;0.42543764312671;9.43947970961266
1384;0.425877798393393;9.44722879468706
1385;0.426318816196412;9.45497793403259
1386;0.426760670632549;9.46272765485717
1387;0.427203910281444;9.47047745263985
1388;0.427647981535041;9.47822782993271
1389;0.428092906075501;9.48597825931686
1390;0.42853865808552;9.49372926628276
1391;0.428985784395467;9.50148034798859
1392;0.429433709512168;9.509232530066
1393;0.429883026804228;9.51698426061188
1394;0.430333137997545;9.52473708874207
1395;0.430784611883337;9.53248998855155
1396;0.431236922108172;9.54024293626684
1397;0.431690565605586;9.54799647802788
1398;0.432145539108991;9.55575061243081
1399;0.432601341210021;9.563504792722
1400;0.43305794630413;9.57125954014711
1401;0.433515873328645;9.57901487692904
1402;0.433975142615111;9.58677028119522
1403;0.434435727356013;9.5945262728914
1404;0.434897128233354;9.60228230745928
1405;0.43535929622401;9.61003942327026
1406;0.435823337569602;9.61779610833845
1407;0.436288163989158;9.62555335354997
1408;0.436754291532835;9.63331118106191
1409;0.437221199486695;9.641069566043
1410;0.437689426538759;9.64882801350008
1411;0.438158969505198;9.65658652332996
1412;0.438629778346133;9.66434612803432
1413;0.439101404347285;9.67210525394031
1414;0.439574806281442;9.67986549546621
1415;0.440048996508951;9.68762577308437
1416;0.440524464397222;9.69538662476811
1417;0.441000715993713;9.70314751158133
1418;0.441478753703064;9.71090899401138
1419;0.441957569743594;9.71867051059216
1420;0.442437651915447;9.72643259760908
1421;0.442918997165265;9.73419525374593
1422;0.443401625760832;9.74195796550813
1423;0.443885511332161;9.749721244588
1424;0.444370674142454;9.75748457831412
1425;0.444857087864124;9.76524847756692
1426;0.445344749490646;9.77301294104837
1427;0.445833169131637;9.78077743406412
1428;0.446323341221279;9.78854251280133
1429;0.446814266122189;9.79630762013986
1430;0.447306936688632;9.8040733114155
1431;0.447800840218496;9.81183956210559
1432;0.448295488831431;9.81960583961019
1433;0.448791896206651;9.82737219027043
1434;0.449289504497496;9.83513960545815
1435;0.449788357141589;9.8429070688603
1436;0.450287944669682;9.85067455726332
1437;0.450789254441718;9.85844262304752
1438;0.451291776638598;9.86621124179194
1439;0.451796036816608;9.87397993004256
1440;0.452300997907913;9.88174914641677
1441;0.452807690392064;9.8895184313736
1442;0.453315078832058;9.89728824278128
1443;0.453824169034805;9.90505862559128
1444;0.454334476698472;9.9128290521282
1445;0.454845998957633;9.9205995223458
1446;0.455359189407672;9.92837106434777
1447;0.45587358800198;9.93614264834386
1448;0.456388690140123;9.94391425126383
1449;0.456905975263983;9.95168644352463
1450;0.457423935294122;9.95945915482261
1451;0.45794359279857;9.96723192938668
1452;0.458464420616382;9.97500524435807
1453;0.458986438964537;9.98277859872457
1454;0.459510121505399;9.9905525148395
1455;0.460034988259044;9.9983264694859
1456;0.460561013509327;10.0061009612718
1457;0.461088692779133;10.0138760119451
1458;0.461617547255745;10.0216510994913
1459;0.46214804875477;10.0294267442844
1460;0.462679719239593;10.0372024251081
1461;0.46321253308591;10.0449786386437
1462;0.463747006825808;10.052754910289
1463;0.464282617780899;10.0605317130445
1464;0.464819858836875;10.0683090686157
1465;0.46535825388676;10.0760864577702
1466;0.465898272181031;10.0838643981373
1467;0.466439438381139;10.0916423712732
1468;0.466982221009183;10.0994208940285
1469;0.467526145492909;10.1071994487454
1470;0.468071679627907;10.1149785514983
1471;0.468618819669094;10.1227582011104
1472;0.469166599689491;10.1305378582909
1473;0.469716494580129;10.1383175914587
1474;0.470267470394339;10.1460983384605
1475;0.47082008430545;10.153878645709
1476;0.471373773254958;10.1616599644995
1477;0.471929070862728;10.169441334111
1478;0.472485973431705;10.1772227545185
1479;0.473043964663314;10.1850046928072
1480;0.473603531517453;10.192787170596
1481;0.474164693088129;10.2005696976282
1482;0.474727445720872;10.2083522738844
1483;0.475291251966425;10.2161358533545
1484;0.475856665486913;10.2239189925433
1485;0.476423126900312;10.231703132707
1486;0.476991653646351;10.239487342521
1487;0.477561267253737;10.2472715765701
1488;0.47813242906685;10.2550563440542
1489;0.478705158201421;10.262841157715
1490;0.479279405749492;10.2706269890779
1491;0.479854750778737;10.2784123570639
1492;0.480431630544691;10.2861982555086
1493;0.481010526189979;10.2939847059487
1494;0.481590487153148;10.3017711776818
1495;0.482171972311204;10.3095581772878
1496;0.482755000801446;10.3173452201038
1497;0.483339063308893;10.3251327667067
1498;0.483925123123084;10.3329208612468
1499;0.484512715829448;10.3407089975398
1500;0.485101355857186;10.3484971529906
1501;0.485691981724419;10.356285854548
1502;0.486283626160493;10.3640750559359
1503;0.486877271441558;10.371864320239
1504;0.487472409827862;10.3796541055251
1505;0.488068580198337;10.3874439078619
1506;0.488666717526003;10.3952342523301
1507;0.489266360335669;10.403024635718
1508;0.489867003483;10.4108155146992
1509;0.490469624928682;10.418606454463
1510;0.491073719200512;10.4263979109609
1511;0.491679282959262;10.4341898831338
1512;0.492286335399959;10.4419818921516
1513;0.492895350602167;10.4497739605527
1514;0.493505347534285;10.4575665203739
1515;0.494117277374059;10.4653596155985
1516;0.494730681916528;10.4731527463142
1517;0.495345535368602;10.4809463885381
1518;0.495961856950312;10.4887400655917
1519;0.496579643384031;10.4965337775012
1520;0.497199321372533;10.5043284966329
1521;0.497820479476189;10.5121227746724
1522;0.498443047024203;10.5199180353806
1523;0.499067065738066;10.5277133289288
1524;0.499693005909578;10.5355086778074
1525;0.500320367643296;10.5433045327487
1526;0.500949170194976;10.5511004199145
1527;0.501579860390393;10.5588968342507
1528;0.502211961887364;10.566693752289
1529;0.502845493955771;10.5744907012485
1530;0.503480924846655;10.5822877035963
1531;0.504117756858575;10.5900852080038
1532;0.504756457580741;10.5978832358858
1533;0.505396574882776;10.6056812934343
1534;0.506038105634898;10.6134793806911
1535;0.506681493994808;10.6212779897881
1536;0.507326266488563;10.6290770973151
1537;0.507972911418674;10.6368762556841
1538;0.508620933617361;10.6446759111827
1539;0.509270820708484;10.6524756169083
1540;0.509922078243147;10.6602758184711
1541;0.510574725551657;10.6680760472717
1542;0.511229671752545;10.6758768153852
1543;0.511885533335891;10.6836775877616
1544;0.512543685695753;10.6914788981575
1545;0.513203213637072;10.6992802345993
1546;0.513864091785447;10.7070820630472
1547;0.514526805070462;10.7148839393218
1548;0.515191327122713;10.7226863286931
1549;0.515857211409602;10.7304887429494
1550;0.516524897157653;10.7382916690405
1551;0.517194402735718;10.746094641786
1552;0.517865237961221;10.7538981027667
1553;0.518537885765556;10.761701609828
1554;0.519212319866219;10.7695056262161
1555;0.519888073472909;10.7773101286425
1556;0.520566091048908;10.7851146982844
1557;0.521244981102097;10.7929192682204
1558;0.521926104979659;10.8007243673311
1559;0.522608557066567;10.8085294885067
1560;0.523293234536878;10.81633513762
1561;0.523979233130348;10.8241408082467
1562;0.524666527677598;10.8319469609699
1563;0.525356035700662;10.8397536394628
1564;0.526046854963224;10.8475603383257
1565;0.526739901668498;10.8553671022223
1566;0.527434230328212;10.8631743458034
1567;0.528130319282464;10.8709816315798
1568;0.52882814244083;10.8787894181401
1569;0.529527718307698;10.8865972463601
1570;0.530228562952648;10.8944055518863
1571;0.530931588676703;10.9022143783662
1572;0.531635898603476;10.9100232231047
1573;0.53234240373058;10.9178321307304
1574;0.53305062050894;10.9256415355816
1575;0.533760111266467;10.9334509582464
1576;0.534471762793497;10.9412608992393
1577;0.535184681535482;10.9490708575363
1578;0.535899752999938;10.9568813329919
1579;0.53661608495482;10.9646918252467
1580;0.537334561628041;10.9725028334979
1581;0.538054724116139;10.9803143345782
1582;0.538776159341889;10.9881253974404
1583;0.539499705101676;10.9959374285144
1584;0.54022497026683;11.0037490437805
1585;0.540951884450564;11.0115616032101
1586;0.541680963455762;11.019373769238
1587;0.542411231299001;11.027186855397
1588;0.543143656124415;11.0349995483094
1589;0.543877285513033;11.0428127078972
1590;0.544613019593679;11.050626377772
1591;0.54535042504384;11.0584400837593
1592;0.546089926796201;11.0662542989102
1593;0.546830641781406;11.074068527456
1594;0.547573445362343;11.0818832640516
1595;0.548317905533834;11.0896980358136
1596;0.549064468236089;11.0975128650648
1597;0.549812208511783;11.1053281565485
1598;0.550562021458243;11.1131439538716
1599;0.551313924880162;11.120959807668
1600;0.552067017991776;11.128775673557
1601;0.552822171782656;11.136592043961
1602;0.553578934305968;11.1444088957875
1603;0.554337771589931;11.1522258031754
1604;0.555098232337831;11.1600427439838
1605;0.555860737507128;11.1678601871398
1606;0.556624412389585;11.1756776410412
1607;0.557390570236259;11.1834956184454
1608;0.558157891006201;11.1913136061542
1609;0.558927686091941;11.1991321162972
1610;0.559698637350849;11.2069506363084
1611;0.560471609591774;11.2147696554659
1612;0.56124662075499;11.2225887285113
1613;0.562023222458247;11.230407833315
1614;0.562801810717222;11.2382278797926
1615;0.563582004468248;11.2460475134938
1616;0.564364199126818;11.253867644026
1617;0.565147947594924;11.2616882483343
1618;0.565933711363865;11.2695089052566
1619;0.566721043974337;11.2773295926688
1620;0.567510361871244;11.2851507748382
1621;0.568301683091963;11.2929720093076
1622;0.569094539908574;11.3007937152818
1623;0.569889392322493;11.3086154731462
1624;0.570685773240088;11.3164377014933
1625;0.57148458247789;11.3242600035503
1626;0.572284912555048;11.3320827750744
1627;0.573086782491877;11.3399055754564
1628;0.573891068077847;11.3477284492545
1629;0.574696863695669;11.3555517913108
1630;0.575504166167747;11.3633756008185
1631;0.576313871714651;11.3711994828484
1632;0.577125098803177;11.3790233930539
1633;0.577938260031003;11.3868477917467
1634;0.578753373579782;11.3946722404565
1635;0.579570413183241;11.4024971766643
1636;0.580389397046163;11.4103221625072
1637;0.581209862154689;11.4181476126325
1638;0.582032264106035;11.4259731120137
1639;0.582856598906971;11.433798660764
1640;0.58368284033981;11.4416246948634
1641;0.584510984429874;11.4494512135263
1642;0.585341049450314;11.4572777807022
1643;0.586172596481828;11.4651043742683
1644;0.587006469581319;11.4729314734871
1645;0.58784181741673;11.4807585987296
1646;0.588679482870003;11.4885862286685
1647;0.589518615824542;11.4964138842686
1648;0.590360057990053;11.5042420436146
1649;0.591202960462394;11.512070228263
1650;0.592048186029478;11.5198984828244
1651;0.592894842502685;11.5277271955172
1652;0.593743813752553;11.5355559777745
1653;0.594594208790777;11.5433852172198
1654;0.595446910330226;11.5512145258852
1655;0.596301459993078;11.5590443130559
1656;0.597157445096824;11.5668741245954
1657;0.598015702110866;11.574704435966
1658;0.59887581808251;11.5825347936229
1659;0.599737789227319;11.5903651976902
1660;0.600602019455137;11.5981961005052
1661;0.601467667073375;11.6060270271327
1662;0.602335565665503;11.6138584515942
1663;0.603205303804255;11.621689921803
1664;0.604076855484022;11.629521866669
1665;0.604950239249874;11.6373538569543
1666;0.605825879591531;11.645185915063
1667;0.606702893830926;11.6530184244848
1668;0.607582134385059;11.6608514290348
1669;0.608463641263488;11.6686840733109
1670;0.609346488983784;11.6765175948841
1671;0.610231595115886;11.6843507564467
1672;0.611118484098168;11.6921843896513
1673;0.612007578464293;11.7000185160579
1674;0.612898470111451;11.7078526867511
1675;0.613791155417183;11.7156869018623
1676;0.614685608468128;11.7235215868466
1677;0.615582272994176;11.7313563382426
1678;0.616481122239149;11.7391915809428
1679;0.617381325130429;11.7470268451477
1680;0.618284151496775;11.7548621979159
1681;0.619188302059463;11.762697996353
1682;0.620094621337216;11.770534284365
1683;0.621003149565134;11.7783702145827
1684;0.621913414675719;11.786206611771
1685;0.622825413136483;11.7940434752145
1686;0.623739586233692;11.8018804040473
1687;0.624655907283738;11.809717820613
1688;0.62557399468886;11.817554858042
1689;0.626494199595931;11.8253928045595
1690;0.627416163335251;11.8332303722193
1691;0.628340258836253;11.8410684264924
1692;0.629266060998506;11.8489069443356
1693;0.630194009229446;11.8567455268834
1694;0.631123679019309;11.8645841519296
1695;0.632055884491226;11.8724232842803
1696;0.632989383878938;11.8802624364996
1697;0.633925410435389;11.8881020952041
1698;0.634863143212851;11.8959417958651
1699;0.635802997662596;11.903781560993
1700;0.636744528635507;11.911621786925
1701;0.637688591698882;11.9194620994398
1702;0.638634323432668;11.9273028719433
1703;0.639581742861229;11.9351436860141
1704;0.640531681553174;11.942984586571
1705;0.641483277769322;11.9508259461703
1706;0.642436945080005;11.9586677865222
1707;0.643392724135789;11.9665092736968
1708;0.644350149657672;11.9743512189748
1709;0.645310050498041;11.98219366649
1710;0.646271612516974;11.9900361549557
1711;0.647235247970484;11.9978787069305
1712;0.648200930351495;12.005721737826
1713;0.649168677995676;12.0135648319927
1714;0.650138486837059;12.0214079895854
1715;0.651109915948477;12.0292516027659
1716;0.652083790422998;12.0370957157336
1717;0.653059322487861;12.0449394551691
1718;0.654037291303415;12.0527836941686
1719;0.655016865322854;12.0606283871885
1720;0.655998476877478;12.0684731429318
1721;0.65698253478442;12.0763179840137
1722;0.657968186703478;12.0841632782214
1723;0.6589558641962;12.0920086350845
1724;0.659945975301088;12.0998540772323
1725;0.660937669314464;12.107699971618
1726;0.661931766015588;12.1155463625402
1727;0.66292748322907;12.1233923820035
1728;0.6639255947276;12.1312388977933
1729;0.664925685119941;12.1390858867846
1730;0.665927362595099;12.1469329154422
1731;0.666931444313505;12.1547800289192
1732;0.66793751573176;12.1626272048814
1733;0.668945960056664;12.1704748755945
1734;0.669955953958763;12.1783229953982
1735;0.670968335013293;12.1861711996258
1736;0.671982280989113;12.1940194433978
1737;0.672998605909674;12.2018677719256
1738;0.674016874353187;12.2097165711131
1739;0.675037490492601;12.2175658628702
1740;0.676059679337604;12.2254147860114
1741;0.677084207742826;12.2332642015275
1742;0.678111071118069;12.2411141088045
1743;0.679139473553878;12.2489640551574
1744;0.680170225443081;12.2568140858699
1745;0.68120289324828;12.2646645849681
1746;0.682237495787916;12.2725151456683
1747;0.683274435224264;12.2803657907178
1748;0.684313278821868;12.2882169033417
1749;0.685354450818684;12.296068100139
1750;0.686397113898449;12.3039197412031
1751;0.687442502295993;12.3117714888623
1752;0.688489396983544;12.3196232754804
1753;0.689538603730751;12.3274751464375
1754;0.690590072846979;12.3353279100604
1755;0.691643463931728;12.3431803309034
1756;0.692698728087886;12.3510332170185
1757;0.693756287595279;12.3588861871359
1758;0.694816138049478;12.3667392414368
1759;0.695877446846966;12.3745927375825
1760;0.69694141870132;12.382446742914
1761;0.698007289242977;12.3903004070053
1762;0.69907500956421;12.3981545348087
1763;0.700144977817184;12.4060091483911
1764;0.701217235000566;12.4138634441765
1765;0.702291307507796;12.4217186041466
1766;0.703367660805716;12.4295734466742
1767;0.70444584448107;12.4374287514665
1768;0.70552667862783;12.4452841628569
1769;0.706608934832306;12.4531400131366
1770;0.707693832926482;12.4609959698718
1771;0.708780568462202;12.4688519878227
1772;0.709869115216053;12.4767084666084
1773;0.71096029081521;12.4845650518997
1774;0.71205329236721;12.4924216984206
1775;0.713148492351352;12.5002788277759
1776;0.714245510842035;12.5081360181986
1777;0.715345118006919;12.5159937135593
1778;0.716446558529379;12.5238510719039
1779;0.717550158368317;12.5317093099774
1780;0.718655584207236;12.5395672113798
1781;0.719763581446685;12.5474256169613
1782;0.720873374086167;12.5552840836624
1783;0.721985332613665;12.5631430311252
1784;0.723099475675166;12.5710020623545
1785;0.724215799143139;12.5788611775362
1786;0.72533427608403;12.5867207727852
1787;0.726454529513884;12.5945804290358
1788;0.727577346944156;12.602440192113
1789;0.72870191034075;12.6103004117322
1790;0.72982902906115;12.6181607380656
1791;0.730957886073424;12.6260215203053
1792;0.732088895337107;12.6338823862927
1793;0.733222052803977;12.6417433362143
1794;0.73435774837731;12.6496043931264
1795;0.735495167021746;12.6574659051768
1796;0.736634721770656;12.6653275012263
1797;0.737776385724824;12.6731895746625
1798;0.738920570716659;12.6810517548754
1799;0.740066486601194;12.6889139962642
1800;0.741214499688676;12.6967767143692
1801;0.742365021124332;12.7046395393411
1802;0.743517262267151;12.7125024255372
1803;0.744671980425291;12.7203658107159
1804;0.745828802359014;12.7282292799285
1805;0.746987724137739;12.7360928333619
1806;0.74814874184045;12.743956471203
1807;0.749311828594646;12.75182058439
1808;0.750477370984976;12.7596851953471
1809;0.751644629788475;12.7675494770723
1810;0.752814335952298;12.7754142564699
1811;0.753986095073423;12.7832795100304
1812;0.755159926263742;12.7911448476763
1813;0.756336214964783;12.7990102925995
1814;0.7575145675526;12.8068758219971
1815;0.758694957172856;12.8147418248687
1816;0.759877403004824;12.8226079121058
1817;0.761062289563097;12.8304741069298
1818;0.76224920118669;12.8383407745982
1819;0.763438157105586;12.8462075267265
1820;0.76462915353187;12.8540743635017
1821;0.765822550992547;12.8619416955454
1822;0.767018368049266;12.8698091352174
1823;0.768215826440954;12.8776766365674
1824;0.769416060005933;12.885544655675
1825;0.770617927399725;12.8934127363561
1826;0.771822197958624;12.9012809249803
1827;0.773028458196546;12.9091495845846
1828;0.774237113196116;12.9170183520598
1829;0.775448158540635;12.9248872276157
1830;0.776660796237929;12.9327565504193
1831;0.777876201399288;12.9406260043594
1832;0.779093214670932;12.9484955202196
1833;0.780312963485428;12.9563655521517
1834;0.78153431307011;12.9642356459032
1835;0.782758412616456;12.9721058711576
1836;0.783984489453861;12.9799761817849
1837;0.785212516762507;12.9878469615437
1838;0.786442874235253;12.9957182331118
1839;0.787675603943032;13.0035892297876
1840;0.788910272306152;13.0114606950085
1841;0.79014728156358;13.019332268844
1842;0.79138660419783;13.0272043339046
1843;0.792627900217265;13.0350761021255
1844;0.793871478273459;13.0429487434405
1845;0.795117022123704;13.0508210883021
1846;0.796365244653287;13.0586939470566
1847;0.797615401702073;13.0665668914613
1848;0.798867489739576;13.0744399217008
1849;0.800122243497606;13.0823134653065
1850;0.801378920264606;13.0901870946845
1851;0.802637896844474;13.0980608333238
1852;0.803899145734534;13.1059350615098
1853;0.805162306206261;13.1138093755909
1854;0.806428134011811;13.1216838224111
1855;0.807695842191712;13.1295587349116
1856;0.808965829762375;13.1374337567777
1857;0.810238092582663;13.1453088882183
1858;0.811512247826589;13.1531841060776
1859;0.812789025618102;13.161059835749
1860;0.814067688040626;13.1689356517796
1861;0.815348987692658;13.1768116011322
1862;0.816632140838904;13.1846880150215
1863;0.817917545012853;13.1925645388014
1864;0.819205196140017;13.2004411726799
1865;0.82049506673054;13.2083182939589
1866;0.821787553003005;13.21619554873
1867;0.823081896950902;13.2240728903424
1868;0.824378448180608;13.2319507188405
1869;0.82567722609863;13.2398286575657
1870;0.82697822668721;13.2477067067253
1871;0.828281445937974;13.2555848665265
1872;0.829586856365156;13.2634635126823
1873;0.830894477447942;13.2713422694411
1874;0.832204680260936;13.2792211605142
1875;0.833516686983948;13.2871005139376
1876;0.834831267035968;13.2949800016555
1877;0.836147667029915;13.3028595768383
1878;0.837466632007411;13.3107392867461
1879;0.838787759880367;13.3186194819931
1880;0.840111070255732;13.3264997884053
1881;0.841436932701378;13.3343802297562
1882;0.842764572543675;13.3422611323844
1883;0.844094756187648;13.350142169933
1884;0.845427106262307;13.3580233190395
1885;0.846761595284547;13.3659049524994
1886;0.848098242970785;13.3737866974814
1887;0.849437417606233;13.3816685778131
1888;0.850778742749073;13.3895505700943
1889;0.852122190915623;13.3974330462313
1890;0.8534677818955;13.4053156342823
1891;0.854815883123527;13.4131983581113
1892;0.856166095413131;13.4210815653186
1893;0.857518833105317;13.4289645374887
1894;0.858873303198764;13.4368479693322
1895;0.860230613668188;13.4447319314552
1896;0.861589696329527;13.4526156120221
1897;0.862951240541093;13.4604997991736
1898;0.86431487213672;13.4683844687548
1899;0.865681004304415;13.4762689050498
1900;0.86704921590257;13.4841538237591
1901;0.868419895982577;13.492038879122
1902;0.869792671321272;13.4999240476043
1903;0.871167883051024;13.5078097218039
1904;0.872545182159019;13.5156955091075
1905;0.873924933133141;13.5235814335091
1906;0.875306763660552;13.5314674714352
1907;0.876690646247399;13.5393539908379
1908;0.878077336083312;13.5472406713745
1909;0.879465726248478;13.5551274418076
1910;0.880856891200129;13.5630147409333
1911;0.88225011604493;13.5709021537723
1912;0.88364539714538;13.5787896805237
1913;0.885043097324879;13.5866773452571
1914;0.88644318843455;13.5945655144371
1915;0.887845324055665;13.6024537977325
1916;0.889249866391243;13.6103422192418
1917;0.890656811201394;13.6182307791923
1918;0.892066130335536;13.6261198431869
1919;0.893477478311532;13.6340090217166
1920;0.89489121650851;13.6418983389184
1921;0.896306952040569;13.6497881358018
1922;0.897725093765945;13.6576777068423
1923;0.899145589590311;13.6655677815186
1924;0.900568435308865;13.6734583594157
1925;0.901993674706268;13.6813487123606
1926;0.903420891989815;13.6892395445504
1927;0.904850471084711;13.697130516098
1928;0.906282407852891;13.7050216272279
1929;0.907716674135144;13.7129132411936
1930;0.909153289822175;13.720804994766
1931;0.910591888198327;13.7286968641183
1932;0.912033190584891;13.7365888975658
1933;0.913476443819189;13.7444814094026
1934;0.914922030473984;13.7523740612974
1935;0.916369946475052;13.7602668534735
1936;0.917820187757301;13.7681597861535
1937;0.919272726152647;13.7760532208992
1938;0.920727581705705;13.7839467961725
1939;0.92218475037858;13.7918405121953
1940;0.923644203999366;13.799734729899
1941;0.925105986823936;13.8076287278757
1942;0.926570046544959;13.8155232275565
1943;0.92803640330349;13.8234178684527
1944;0.929505028921947;13.8313130106578
1945;0.930975967774882;13.8392079344367
1946;0.932449167507488;13.8471033595473
1947;0.933924648337871;13.854998926336
1948;0.93540238208209;13.8628949940626
1949;0.93688274782936;13.8707912277267
